review,sentiment
Product is amazing and works perfectly,Positive
I love this product so much,Positive
Great quality and fast delivery,Positive
Excellent value for money,Positive
Works exactly as described very happy,Positive
Best purchase I have made this year,Positive
Highly recommend this to everyone,Positive
Fantastic build quality and design,Positive
Worst experience ever with this product,Negative
Product broke after one day of use,Negative
Terrible quality do not buy,Negative
Very disappointed with this purchase,Negative
Waste of money completely useless,Negative
Item arrived damaged and defective,Negative
Customer service was very unhelpful,Negative
Not worth the price at all,Negative
